{"_cx":489.43530824713818,"_cy":370.6243937716614,"_fx":437.4315522367428,"_fy":437.04958233493695,"_distortionCoeffs":[0.0,0.0,0.0,0.0,0.0],"_referenceResolution":{"x":1032,"y":772},"_rmsError":0.2553653419017792}