{"_cx":495.82792116752418,"_cy":396.3224827691944,"_fx":264.8934824872475,"_fy":264.54148724940446,"_distortionCoeffs":[0.0,0.0,0.0,0.0,0.0],"_referenceResolution":{"x":1032,"y":772},"_rmsError":0.1988338828086853}