{"_cx":322.4581298828125,"_cy":330.6767578125,"_fx":503.9729919433594,"_fy":504.0829772949219,"_distortionCoeffs":[8.359803199768067,5.312580585479736,0.00005207401773077436,-0.00006796280649723485,0.26338353753089907,8.685490608215332,8.12520694732666,1.4103997945785523],"_referenceResolution":{"x":640,"y":576},"_rmsError":0.0}