{"_cx":636.5278930664063,"_cy":368.5019836425781,"_fx":609.91455078125,"_fy":609.760009765625,"_distortionCoeffs":[0.2545754313468933,-2.375620126724243,0.00019623276602942497,-0.00027051178039982915,1.404477834701538,0.13500197231769563,-2.190882682800293,1.3262860774993897],"_referenceResolution":{"x":1280,"y":720},"_rmsError":0.0}