{"cx":0.49754352803050247,"cy":-0.19359611416924278,"fx":0.5248719620407034,"fy":0.9331057102945838,"distortionCoeffs":[0.0,0.0,0.0,0.0,0.0],"aspect":1.7777777777777777,"rmsError":0.31725555658340456}