{"_cx":510.5,"_cy":323.4000008031726,"_fx":807.9190635681152,"_fy":758.2428995768229,"_distortionCoeffs":[0.0,0.0,0.0,0.0,0.0],"_referenceResolution":{"x":1021,"y":539},"_rmsError":0.0}