{"cx":0.5004869751674582,"cy":0.4965822515063406,"fx":0.495424138043598,"fy":0.49542864079517509,"distortionCoeffs":[-0.3247073439231947,0.13092945547894087,-0.0001936614958574683,0.00016421546446786787,-0.028697993741903847],"aspect":1.0}