{"cx":0.4959231959219335,"cy":0.5142793729681985,"fx":0.4843392850583424,"fy":0.8597565363999391,"distortionCoeffs":[0.1072965704196907,-0.10357294480919038,0.00026547973649299696,-0.0008110753786639824,0.048544740615466267],"aspect":1.7777777777777777,"rmsError":0.26242339611053469}