{"cx":0.5004683781996213,"cy":0.5116844938173633,"fx":0.4858150010228285,"fy":0.8627906644420171,"distortionCoeffs":[0.09701436505736597,-0.07932175962636398,0.000814434134299511,0.00009443810143033255,0.02977389668022012],"aspect":1.7777777777777777,"rmsError":0.254276305437088}