{"cx":0.5036161144662115,"cy":0.5673784183261124,"fx":0.7924870050085102,"fy":0.880352895764442,"distortionCoeffs":[-0.32916558633029338,0.13955633518672728,-0.0000021977343231392835,-0.000028326671258869564,-0.04177980913031821],"aspect":1.1111111111111112}