{"_cx":634.7906201178125,"_cy":370.0994338009661,"_fx":622.8127977761153,"_fy":622.0895853892697,"_distortionCoeffs":[0.09515809351433816,-0.06855664184608651,0.000806350467972823,-0.0004763014022447311,0.02136139925263976],"_referenceResolution":{"x":1280,"y":720},"_rmsError":0.5627616047859192}