{"cx":0.5018611796372523,"cy":0.5025575872651554,"fx":0.7239107269047853,"fy":1.2853411348618913,"distortionCoeffs":[0.12406151390309069,-0.2668973837507294,0.00029999697106846546,0.0004474714257144269,0.13596393174030164],"aspect":1.7777777777777777,"rmsError":0.15484528243541718}