{"cx":0.500760086948408,"cy":0.5146016635246699,"fx":0.7694848491417994,"fy":1.3675212376081956,"distortionCoeffs":[0.189879043899754,-0.7142056919660899,-0.0036454577056589285,0.0008657921707139061,0.7491464184098369],"aspect":1.7777777777777777,"rmsError":0.2458115518093109}