{"rotation":{"x":0.013133185915648938,"y":-0.06465043872594834,"z":-0.04186319559812546,"w":0.9969429969787598},"translation":{"x":0.05383920297026634,"y":0.04020746424794197,"z":0.01462471205741167}}