{"rotation":{"x":0.36386534571647646,"y":-0.014426867477595806,"z":-0.007986065931618214,"w":0.9313055872917175},"translation":{"x":-0.00046412021038122475,"y":0.08749905228614807,"z":-0.05844298005104065}}